{"\u0441t4\u0440t": {"variants": ["3nD", "\u0430", "\u0434\u0430\u0432\u0430\u0439,", "\u0443\u0440\u0430", "\u0432\u0441\u0451", "\u043c\u043e\u0436\u043d\u043e"], "3nD": [1, 0.16666666666666666], "\u0430": [1, 0.16666666666666666], "\u0434\u0430\u0432\u0430\u0439,": [1, 0.16666666666666666], "\u0443\u0440\u0430": [1, 0.16666666666666666], "\u0432\u0441\u0451": [1, 0.16666666666666666], "\u043c\u043e\u0436\u043d\u043e": [1, 0.16666666666666666]}, "\u0430": {"variants": ["\u043d\u0443"], "\u043d\u0443": [1, 1.0]}, "\u043d\u0443": {"variants": ["\u043a\u0430,"], "\u043a\u0430,": [1, 1.0]}, "\u043a\u0430,": {"variants": ["\u0442\u0435\u043f\u0435\u0440\u044c"], "\u0442\u0435\u043f\u0435\u0440\u044c": [1, 1.0]}, "\u0442\u0435\u043f\u0435\u0440\u044c": {"variants": ["\u0432"], "\u0432": [1, 1.0]}, "\u0432": {"variants": ["\u044d\u0442\u043e\u0439"], "\u044d\u0442\u043e\u0439": [1, 1.0]}, "\u044d\u0442\u043e\u0439": {"variants": ["\u0433\u0438\u043b\u044c\u0434\u0438\u0438"], "\u0433\u0438\u043b\u044c\u0434\u0438\u0438": [1, 1.0]}, "\u0433\u0438\u043b\u044c\u0434\u0438\u0438": {"variants": ["3nD"], "3nD": [1, 1.0]}, "\u0434\u0430\u0432\u0430\u0439,": {"variants": ["\u043f\u043e\u043a\u0430\u0436\u0438,"], "\u043f\u043e\u043a\u0430\u0436\u0438,": [1, 1.0]}, "\u043f\u043e\u043a\u0430\u0436\u0438,": {"variants": ["\u043a\u0430\u043a"], "\u043a\u0430\u043a": [1, 1.0]}, "\u043a\u0430\u043a": {"variants": ["\u0442\u044b"], "\u0442\u044b": [1, 1.0]}, "\u0442\u044b": {"variants": ["\u0443\u043c\u0435\u0435\u0448\u044c"], "\u0443\u043c\u0435\u0435\u0448\u044c": [1, 1.0]}, "\u0443\u043c\u0435\u0435\u0448\u044c": {"variants": ["\u0441\u043e\u0437\u0434\u0430\u0432\u0430\u0442\u044c"], "\u0441\u043e\u0437\u0434\u0430\u0432\u0430\u0442\u044c": [1, 1.0]}, "\u0441\u043e\u0437\u0434\u0430\u0432\u0430\u0442\u044c": {"variants": ["\u043f\u0430\u043c\u044f\u0442\u044c"], "\u043f\u0430\u043c\u044f\u0442\u044c": [1, 1.0]}, "\u043f\u0430\u043c\u044f\u0442\u044c": {"variants": ["3nD"], "3nD": [1, 1.0]}, "\u0443\u0440\u0430": {"variants": ["3nD"], "3nD": [1, 1.0]}, "\u0432\u0441\u0451": {"variants": ["\u0440\u0430\u0431\u043e\u0442\u0430\u0435\u0442"], "\u0440\u0430\u0431\u043e\u0442\u0430\u0435\u0442": [1, 1.0]}, "\u0440\u0430\u0431\u043e\u0442\u0430\u0435\u0442": {"variants": ["3nD"], "3nD": [1, 1.0]}, "\u043c\u043e\u0436\u043d\u043e": {"variants": ["\u0443\u0434\u0430\u043b\u044f\u0442\u044c"], "\u0443\u0434\u0430\u043b\u044f\u0442\u044c": [1, 1.0]}, "\u0443\u0434\u0430\u043b\u044f\u0442\u044c": {"variants": ["\u043b\u0438\u0448\u043d\u0438\u0435"], "\u043b\u0438\u0448\u043d\u0438\u0435": [1, 1.0]}, "\u043b\u0438\u0448\u043d\u0438\u0435": {"variants": ["\u0444\u0430\u0439\u043b\u044b"], "\u0444\u0430\u0439\u043b\u044b": [1, 1.0]}, "\u0444\u0430\u0439\u043b\u044b": {"variants": ["\u0438"], "\u0438": [1, 1.0]}, "\u0438": {"variants": ["\u043d\u0430\u0434\u0435\u0432\u0430\u0442\u044c"], "\u043d\u0430\u0434\u0435\u0432\u0430\u0442\u044c": [1, 1.0]}, "\u043d\u0430\u0434\u0435\u0432\u0430\u0442\u044c": {"variants": ["\u0437\u0430\u044f\u0447\u044c\u0438"], "\u0437\u0430\u044f\u0447\u044c\u0438": [1, 1.0]}, "\u0437\u0430\u044f\u0447\u044c\u0438": {"variants": ["\u0443\u0448\u0430\u043d\u043a\u0438"], "\u0443\u0448\u0430\u043d\u043a\u0438": [1, 1.0]}, "\u0443\u0448\u0430\u043d\u043a\u0438": {"variants": ["3nD"], "3nD": [1, 1.0]}}